mode,n_features,cv_mean,cv_std,test_accuracy,miss_count
audio_only,194,0.987814695272451,0.005769805201858485,0.9869565217391304,3
with_tdoa,199,0.9869489272830834,0.00673073636332773,0.9826086956521739,4
